11,01,2018,11,06,18,success,follow,f30_goon
11,01,2018,11,06,19,success,unfollow,anne.home
11,01,2018,11,07,03,success,follow,sheeptim
11,01,2018,11,07,18,success,unfollow,daniel1979bu
11,01,2018,11,07,48,success,follow,steve.vdl79
11,01,2018,11,08,18,success,unfollow,simson_jugend
11,01,2018,11,08,34,success,follow,_lisamaa
11,01,2018,11,09,18,success,unfollow,veit_528_bmx
11,01,2018,11,09,20,success,follow,rotiform_fan
11,01,2018,11,10,06,success,follow,katie_teter
11,01,2018,11,10,19,success,unfollow,moniiwshko
11,01,2018,11,10,51,success,follow,kvanhoften
11,01,2018,11,11,19,success,unfollow,savic.aleksaa_01
11,01,2018,11,11,37,success,follow,ranjith_rk__
11,01,2018,11,12,19,success,unfollow,ptrcksfrt
11,01,2018,11,12,22,success,follow,josheineman
11,01,2018,11,13,08,success,follow,alexzhuk
11,01,2018,11,13,20,success,unfollow,lyno_scholtz
11,01,2018,11,13,53,success,follow,mario_digre
11,01,2018,11,14,20,success,unfollow,leonard_0202
11,01,2018,11,14,38,success,follow,vratkodufinec
